s2_token,geometry,confidence_threshold_80%_precision,confidence_threshold_85%_precision,confidence_threshold_90%_precision,building_count_80%_precision,building_count_85%_precision,building_count_90%_precision,building_count,num_samples
933,"POLYGON ((-50.01876534108111 -8.175896074358709, -50.01876534108111 -12.81566331979315, -45 -11.85551661629703, -45 -7.552372279897661, -50.01876534108111 -8.175896074358709))",0.742,0.784,0.838,783235,654674,421537,1011172,792
b5b,"POLYGON ((38.50065372034543 -48.70131507598031, 45 -45.80546848134384, 39.34749651428972 -42.68268396435615, 33.11134196037203 -44.96817331739243, 38.50065372034543 -48.70131507598031))",0.819,0.819,0.880,29,29,10,153,105
0f1,"POLYGON ((-16.53483785734516 4.851647556935838, -10.61965527615514 4.973642825000524, -10.61965527615513 10.44179817172576, -16.53483785734515 10.18989264617986, -16.53483785734516 4.851647556935838))",0.671,0.719,0.772,3263031,2777636,2175820,3463864,26259
841,"POLYGON ((-112.6198649480404 21.03751102542181, -112.6198649480404 15.32501998539171, -106.5348378573452 15.88626236166589, -106.5348378573452 21.77355606643973, -112.6198649480404 21.03751102542181))",0.832,0.832,0.832,514,514,514,1386,1
23f,"POLYGON ((61.326853510565 -20.08096213071963, 67.38013505195958 -21.03751102542181, 67.38013505195958 -15.32501998539171, 61.326853510565 -14.59941342503042, 61.326853510565 -20.08096213071963))",0.658,0.658,0.682,28750,28750,26637,29418,406
8c5,"POLYGON ((-61.326853510565 14.59941342503042, -61.326853510565 9.341889685888818, -55.4914770123316 8.783194988097531, -55.4914770123316 13.74670252512002, -61.326853510565 14.59941342503042))",0.716,0.774,0.837,585085,471508,314447,697057,1503
bc5,"POLYGON ((-74.74488129694222 -54.52596135026464, -71.07535558394876 -59.96671956400486, -61.50436138175503 -58.10766364662543, -66.64443514071399 -53.17193519487547, -74.74488129694222 -54.52596135026464))",0.762,0.806,0.836,64741,44589,28744,103669,4444
183,"POLYGON ((34.5085229876684 -4.173022773894666, 39.98123465891889 -3.881312186924027, 39.98123465891889 0, 34.5085229876684 0, 34.5085229876684 -4.173022773894666))",0.667,0.716,0.778,16954590,13814959,8932644,17871082,43089
965,"POLYGON ((-79.38034472384487 -34.04786296943432, -79.38034472384487 -39.49464011274421, -73.46516214265485 -38.79459515585769, -73.46516214265485 -33.38766721236327, -79.38034472384487 -34.04786296943432))",0.761,0.784,0.784,30631,25340,25340,47957,26
0e5,"POLYGON ((-10.61965527615513 10.44179817172576, -5.059868846264117 10.57920733737058, -5.059868846264116 16.47390220016713, -10.61965527615513 16.26672649011948, -10.61965527615513 10.44179817172576))",0.651,0.689,0.758,1215560,1093070,774585,1218888,26026
85b,"POLYGON ((-100.6196552761551 16.26672649011948, -100.6196552761551 10.44179817172576, -95.05986884626412 10.57920733737058, -95.05986884626412 16.47390220016713, -100.6196552761551 16.26672649011948))",0.699,0.721,0.773,677090,605771,416885,826455,377
1c1,"POLYGON ((16.53483785734515 -27.66622518241585, 22.61986494804042 -26.7849955075022, 22.61986494804042 -21.03751102542181, 16.53483785734516 -21.77355606643973, 16.53483785734515 -27.66622518241585))",0.764,0.801,0.887,378629,273489,52067,602396,5915
165,"POLYGON ((34.5085229876684 8.783194988097531, 39.98123465891889 8.175896074358709, 39.98123465891889 12.81566331979315, 34.5085229876684 13.74670252512002, 34.5085229876684 8.783194988097531))",0.664,0.707,0.767,16087714,14030531,10748108,16710354,34954
32f,"POLYGON ((124.5085229876684 4.173022773894666, 129.9812346589189 3.881312186924027, 129.9812346589189 8.175896074358709, 124.5085229876684 8.783194988097531, 124.5085229876684 4.173022773894666))",0.716,0.766,0.830,3804137,2564393,1082048,5189632,3361
11b,"POLYGON ((5.059868846264117 10.57920733737058, 10.61965527615513 10.44179817172576, 10.61965527615513 16.26672649011948, 5.059868846264116 16.47390220016713, 5.059868846264117 10.57920733737058))",0.707,0.751,0.799,17469199,12471317,6850531,23356991,35706
8e7,"POLYGON ((-73.46516214265485 10.18989264617986, -73.46516214265485 4.851647556935838, -67.38013505195957 4.67244275538945, -67.38013505195958 9.8193006387579, -73.46516214265485 10.18989264617986))",0.749,0.791,0.832,4082143,2980650,1827274,6021057,7356
2db,"POLYGON ((118.673146489435 -9.341889685888818, 124.5085229876684 -8.783194988097531, 124.5085229876684 -4.173022773894666, 118.673146489435 -4.442038523400337, 118.673146489435 -9.341889685888818))",0.732,0.790,0.836,3392975,2342304,1319387,4491013,3289
8ed,"POLYGON ((-79.38034472384487 22.27057548800819, -79.38034472384487 16.26672649011948, -73.46516214265485 15.88626236166589, -73.46516214265485 21.77355606643973, -79.38034472384487 22.27057548800819))",0.700,0.760,0.822,3663985,2480714,1235224,4561205,7716
1ef,"POLYGON ((28.67314648943499 -31.09807140426155, 34.5085229876684 -29.53280370582265, 34.5085229876684 -24.25860976441469, 28.67314648943499 -25.63226655107013, 28.67314648943499 -31.09807140426155))",0.729,0.768,0.811,12561574,9958103,6400306,16301046,61579
39f,"POLYGON ((84.94013115373588 22.54054940194471, 90 22.61986494804042, 90 28.67314648943499, 84.94013115373588 28.57906855098932, 84.94013115373588 22.54054940194471))",0.707,0.742,0.789,64581641,49119609,28747341,87929503,39015
1bf,"POLYGON ((16.53483785734516 -21.77355606643973, 22.61986494804042 -21.03751102542181, 22.61986494804043 -15.32501998539171, 16.53483785734515 -15.88626236166589, 16.53483785734516 -21.77355606643973))",0.652,0.692,0.738,733529,612711,445244,740080,2880
92d,"POLYGON ((-50.01876534108111 -3.881312186924027, -50.01876534108111 -8.175896074358709, -45 -7.552372279897661, -45 -3.582521766172679, -50.01876534108111 -3.881312186924027))",0.727,0.773,0.835,1963685,1646664,1018251,2405694,2041
8c7,"POLYGON ((-61.326853510565 20.08096213071963, -61.326853510565 14.59941342503042, -55.4914770123316 13.74670252512002, -55.49147701233161 18.9499500044539, -61.326853510565 20.08096213071963))",0.701,0.784,0.854,247023,178982,108227,283376,499
17d,"POLYGON ((39.98123465891889 3.881312186924027, 45 3.582521766172679, 45 7.552372279897661, 39.98123465891889 8.175896074358709, 39.98123465891889 3.881312186924027))",0.651,0.682,0.741,1229388,1104914,822402,1233213,3376
15b,"POLYGON ((34.5085229876684 24.25860976441469, 39.98123465891889 22.73590953009369, 39.98123465891889 27.78027316318915, 34.5085229876684 29.53280370582265, 34.5085229876684 24.25860976441469))",0.768,0.809,0.816,11205,8046,7554,20611,4715
2d5,"POLYGON ((129.9812346589189 -3.881312186924027, 135 -3.582521766172679, 135 0, 129.9812346589189 0, 129.9812346589189 -3.881312186924027))",0.655,0.655,0.655,44760,44760,44760,45447,171
865,"POLYGON ((-100.6196552761551 34.04786296943432, -100.6196552761551 28.25839533868567, -95.05986884626412 28.57906855098932, -95.05986884626412 34.40415724063815, -100.6196552761551 34.04786296943432))",0.678,0.721,0.789,162961,140178,93871,176981,15535
17f,"POLYGON ((39.98123465891889 0, 45 0, 45 3.582521766172679, 39.98123465891889 3.881312186924027, 39.98123465891889 0))",0.657,0.704,0.750,1043007,844269,609210,1068866,3830
967,"POLYGON ((-73.46516214265485 -33.38766721236327, -73.46516214265485 -38.79459515585769, -67.38013505195957 -37.74124916352239, -67.38013505195958 -32.39984017391932, -73.46516214265485 -33.38766721236327))",0.799,0.834,0.977,4003840,2408507,81,9564744,40902
3a1,"POLYGON ((84.94013115373588 16.47390220016713, 90 16.53483785734516, 90 22.61986494804042, 84.94013115373588 22.54054940194471, 84.94013115373588 16.47390220016713))",0.719,0.760,0.824,12672253,8848733,3499869,18843400,3497
171,"POLYGON ((28.67314648943499 4.442038523400337, 34.5085229876684 4.173022773894666, 34.5085229876684 8.783194988097531, 28.67314648943499 9.341889685888818, 28.67314648943499 4.442038523400337))",0.651,0.704,0.750,1552505,1259446,928918,1558328,6386
8d1,"POLYGON ((-55.4914770123316 8.783194988097531, -55.4914770123316 4.173022773894666, -50.01876534108111 3.881312186924027, -50.01876534108111 8.175896074358709, -55.4914770123316 8.783194988097531))",0.659,0.721,0.808,522343,435769,293583,533992,2369
009,"POLYGON ((-45 -25.92605088194581, -39.98123465891889 -27.78027316318915, -39.98123465891889 -22.73590953009369, -45 -21.14143744584222, -45 -25.92605088194581))",0.755,0.806,0.863,5134463,3377327,1316771,8021266,9210
1dd,"POLYGON ((16.53483785734516 -38.79459515585769, 22.61986494804043 -37.74124916352239, 22.61986494804043 -32.39984017391932, 16.53483785734516 -33.38766721236327, 16.53483785734516 -38.79459515585769))",0.781,0.824,0.961,1742893,1142345,1145,3294194,19439
95d,"POLYGON ((-67.38013505195958 -32.39984017391932, -67.38013505195957 -37.74124916352239, -61.32685351056502 -36.34237313080051, -61.326853510565 -31.09807140426155, -67.38013505195958 -32.39984017391932))",0.770,0.807,0.859,1705365,1149509,441722,3093036,5383
3b7,"POLYGON ((67.38013505195957 4.67244275538945, 73.46516214265485 4.851647556935838, 73.46516214265485 10.18989264617986, 67.38013505195958 9.8193006387579, 67.38013505195957 4.67244275538945))",0.685,0.772,0.785,56555,37866,34739,63186,132
8f3,"POLYGON ((-84.94013115373588 22.54054940194471, -84.94013115373588 16.47390220016713, -79.38034472384487 16.26672649011948, -79.38034472384487 22.27057548800819, -84.94013115373588 22.54054940194471))",0.729,0.773,0.834,461960,338587,166677,658323,1429
3a3,"POLYGON ((79.38034472384487 16.26672649011948, 84.94013115373588 16.47390220016713, 84.94013115373588 22.54054940194471, 79.38034472384487 22.27057548800819, 79.38034472384487 16.26672649011948))",0.708,0.743,0.802,25957455,21016096,11932453,33331493,3287
0d9,"POLYGON ((-5.059868846264117 28.57906855098932, 0 28.67314648943499, 0 34.5085229876684, -5.059868846264117 34.40415724063815, -5.059868846264117 28.57906855098932))",0.828,0.919,0.954,111341,8931,550,325617,10909
22f,"POLYGON ((50.01876534108111 -8.175896074358709, 55.4914770123316 -8.783194988097531, 55.4914770123316 -4.173022773894666, 50.01876534108111 -3.881312186924027, 50.01876534108111 -8.175896074358709))",0.664,0.721,0.779,25217,21603,17024,26072,1393
2d1,"POLYGON ((124.5085229876684 -8.783194988097531, 129.9812346589189 -8.175896074358709, 129.9812346589189 -3.881312186924027, 124.5085229876684 -4.173022773894666, 124.5085229876684 -8.783194988097531))",0.656,0.723,0.814,378296,297515,152399,385314,455
923,"POLYGON ((-67.38013505195957 -4.67244275538945, -67.38013505195958 -9.8193006387579, -61.326853510565 -9.341889685888818, -61.326853510565 -4.442038523400337, -67.38013505195957 -4.67244275538945))",0.689,0.717,0.755,495934,457369,397453,549379,235
869,"POLYGON ((-106.5348378573452 27.66622518241585, -106.5348378573452 21.77355606643973, -100.6196552761551 22.27057548800819, -100.6196552761551 28.25839533868567, -106.5348378573452 27.66622518241585))",0.794,0.829,0.866,2698654,1535222,639572,6616622,7514
931,"POLYGON ((-55.4914770123316 -8.783194988097531, -55.4914770123316 -13.74670252512002, -50.01876534108111 -12.81566331979315, -50.01876534108111 -8.175896074358709, -55.4914770123316 -8.783194988097531))",0.681,0.757,0.790,449084,337402,279362,495926,340
843,"POLYGON ((-106.5348378573452 21.77355606643973, -106.5348378573452 15.88626236166589, -100.6196552761551 16.26672649011948, -100.6196552761551 22.27057548800819, -106.5348378573452 21.77355606643973))",0.843,0.887,0.975,3085734,940285,408,17536895,13102
1e5,"POLYGON ((28.67314648943499 -36.34237313080051, 34.5085229876684 -34.64422054710851, 34.5085229876684 -29.53280370582265, 28.67314648943499 -31.09807140426155, 28.67314648943499 -36.34237313080051))",0.687,0.734,0.776,1549100,1371153,1126136,1655938,7169
113,"POLYGON ((16.53483785734515 10.18989264617986, 22.61986494804043 9.8193006387579, 22.61986494804043 15.32501998539171, 16.53483785734515 15.88626236166589, 16.53483785734515 10.18989264617986))",0.817,0.834,0.848,70734,39817,22816,562475,6439
1eb,"POLYGON ((22.61986494804042 -26.7849955075022, 28.67314648943499 -25.63226655107013, 28.67314648943499 -20.08096213071963, 22.61986494804042 -21.03751102542181, 22.61986494804042 -26.7849955075022))",0.748,0.791,0.833,4425676,3339623,2086147,6048753,35787
2c5,"POLYGON ((118.673146489435 -14.59941342503042, 124.5085229876684 -13.74670252512002, 124.5085229876684 -8.783194988097531, 118.673146489435 -9.341889685888818, 118.673146489435 -14.59941342503042))",0.651,0.714,0.752,1210068,979276,822627,1214795,468
937,"POLYGON ((-55.4914770123316 -13.74670252512002, -55.49147701233161 -18.9499500044539, -50.01876534108111 -17.70687285471333, -50.01876534108111 -12.81566331979315, -55.4914770123316 -13.74670252512002))",0.755,0.786,0.828,1293423,1087012,752141,1854151,1761
311,"POLYGON ((100.6196552761551 10.44179817172576, 106.5348378573452 10.18989264617986, 106.5348378573452 15.88626236166589, 100.6196552761551 16.26672649011948, 100.6196552761551 10.44179817172576))",0.752,0.807,0.869,24012817,16074280,5704904,34450503,34458
075,"POLYGON ((-45 -16.41644037358546, -39.98123465891889 -17.70687285471333, -39.98123465891889 -12.81566331979315, -45 -11.85551661629703, -45 -16.41644037358546))",0.675,0.733,0.787,3512145,2885157,2226045,3766861,1710
19f,"POLYGON ((22.61986494804043 -4.67244275538945, 28.67314648943499 -4.442038523400337, 28.67314648943499 0, 22.61986494804042 0, 22.61986494804043 -4.67244275538945))",0.651,0.651,0.670,1449937,1449937,1368647,1452725,3330
095,"POLYGON ((-28.67314648943499 14.59941342503042, -22.61986494804043 15.32501998539171, -22.61986494804042 21.03751102542181, -28.67314648943499 20.08096213071963, -28.67314648943499 14.59941342503042))",0.826,0.905,0.909,27874,2714,2257,115799,3238
071,"POLYGON ((-39.98123465891889 -12.81566331979315, -34.5085229876684 -13.74670252512002, -34.5085229876684 -8.783194988097531, -39.98123465891889 -8.175896074358709, -39.98123465891889 -12.81566331979315))",0.745,0.795,0.834,5104445,3698796,2289919,6960353,4725
8fb,"POLYGON ((-84.94013115373588 10.57920733737058, -84.94013115373588 5.040252729758283, -79.38034472384487 4.973642825000524, -79.38034472384487 10.44179817172576, -84.94013115373588 10.57920733737058))",0.750,0.813,0.856,3481987,2312364,1319977,4816809,13531
3a5,"POLYGON ((79.38034472384487 10.44179817172576, 84.94013115373588 10.57920733737058, 84.94013115373588 16.47390220016713, 79.38034472384487 16.26672649011948, 79.38034472384487 10.44179817172576))",0.707,0.840,0.896,9441469,2259881,326162,11867547,1167
21f,"POLYGON ((45 -21.14143744584222, 50.01876534108111 -22.73590953009369, 50.01876534108111 -17.70687285471333, 45 -16.41644037358546, 45 -21.14143744584222))",0.660,0.701,0.754,4859488,4096920,2942302,5037928,29917
929,"POLYGON ((-55.49147701233161 0, -55.4914770123316 -4.173022773894666, -50.01876534108111 -3.881312186924027, -50.01876534108111 0, -55.49147701233161 0))",0.682,0.748,0.803,747875,600297,433001,812272,628
927,"POLYGON ((-61.32685351056502 0, -61.326853510565 -4.442038523400337, -55.4914770123316 -4.173022773894666, -55.49147701233161 0, -61.32685351056502 0))",0.682,0.749,0.815,1463586,1144597,711745,1603275,1444
8f1,"POLYGON ((-84.94013115373588 16.47390220016713, -84.94013115373588 10.57920733737058, -79.38034472384487 10.44179817172576, -79.38034472384487 16.26672649011948, -84.94013115373588 16.47390220016713))",0.653,0.707,0.773,430596,356392,243274,434782,217
107,"POLYGON ((5.059868846264117 0, 10.61965527615513 0, 10.61965527615514 4.973642825000524, 5.059868846264116 5.040252729758283, 5.059868846264117 0))",0.679,0.722,0.783,3529265,3092331,2401196,3810153,25310
8d7,"POLYGON ((-55.4914770123316 4.173022773894666, -55.49147701233161 0, -50.01876534108111 0, -50.01876534108111 3.881312186924027, -55.4914770123316 4.173022773894666))",0.657,0.693,0.725,266222,240906,216315,271327,96
111,"POLYGON ((10.61965527615513 10.44179817172576, 16.53483785734515 10.18989264617986, 16.53483785734515 15.88626236166589, 10.61965527615513 16.26672649011948, 10.61965527615513 10.44179817172576))",0.695,0.738,0.789,4700631,3352756,1824773,5958703,26941
8df,"POLYGON ((-67.38013505195957 4.67244275538945, -67.38013505195958 0, -61.32685351056502 0, -61.326853510565 4.442038523400337, -67.38013505195957 4.67244275538945))",0.806,0.806,0.807,8808,8808,8689,22806,34
23b,"POLYGON ((55.4914770123316 -13.74670252512002, 61.326853510565 -14.59941342503042, 61.326853510565 -9.341889685888818, 55.4914770123316 -8.783194988097531, 55.4914770123316 -13.74670252512002))",0.745,0.745,0.745,297,297,297,445,14
96f,"POLYGON ((-79.38034472384487 -28.25839533868567, -79.38034472384487 -34.04786296943432, -73.46516214265485 -33.38766721236327, -73.46516214265485 -27.66622518241585, -79.38034472384487 -28.25839533868567))",0.727,0.727,0.727,631,631,631,726,4
951,"POLYGON ((-55.4914770123316 -29.53280370582265, -55.4914770123316 -34.64422054710851, -50.01876534108111 -32.72223246694561, -50.01876534108111 -27.78027316318915, -55.4914770123316 -29.53280370582265))",0.716,0.777,0.840,6087090,4577504,2517283,7438931,5272
125,"POLYGON ((5.059868846264117 28.57906855098932, 10.61965527615513 28.25839533868567, 10.61965527615513 34.04786296943432, 5.059868846264117 34.40415724063815, 5.059868846264117 28.57906855098932))",0.841,0.941,0.950,419233,5088,1896,1588658,14105
2e7,"POLYGON ((106.5348378573452 -10.18989264617986, 112.6198649480404 -9.8193006387579, 112.6198649480404 -4.67244275538945, 106.5348378573452 -4.851647556935838, 106.5348378573452 -10.18989264617986))",0.781,0.820,0.861,32835078,20240114,7711718,60037154,63313
957,"POLYGON ((-55.4914770123316 -34.64422054710851, -55.4914770123316 -39.48995323591252, -50.01876534108111 -37.46131872906794, -50.01876534108111 -32.72223246694561, -55.4914770123316 -34.64422054710851))",0.719,0.775,0.850,243404,169597,56885,315672,809
391,"POLYGON ((73.46516214265485 27.66622518241585, 79.38034472384487 28.25839533868567, 79.38034472384487 34.04786296943432, 73.46516214265485 33.38766721236327, 73.46516214265485 27.66622518241585))",0.801,0.839,0.875,24094035,12433670,4581166,73380259,24485
2df,"POLYGON ((112.6198649480404 -4.67244275538945, 118.673146489435 -4.442038523400337, 118.673146489435 0, 112.6198649480404 0, 112.6198649480404 -4.67244275538945))",0.726,0.771,0.810,3367954,2640588,1832218,4264385,2871
15d,"POLYGON ((34.5085229876684 18.9499500044539, 39.98123465891889 17.70687285471333, 39.98123465891889 22.73590953009369, 34.5085229876684 24.25860976441469, 34.5085229876684 18.9499500044539))",0.787,0.813,0.849,228631,144178,63830,661137,13430
327,"POLYGON ((118.673146489435 0, 124.5085229876684 0, 124.5085229876684 4.173022773894666, 118.673146489435 4.442038523400337, 118.673146489435 0))",0.708,0.767,0.812,1144982,847669,546625,1375672,1835
319,"POLYGON ((106.5348378573452 4.851647556935838, 112.6198649480404 4.67244275538945, 112.6198649480404 9.8193006387579, 106.5348378573452 10.18989264617986, 106.5348378573452 4.851647556935838))",0.803,0.850,0.850,113695,42547,42547,278718,136
16f,"POLYGON ((28.67314648943499 9.341889685888818, 34.5085229876684 8.783194988097531, 34.5085229876684 13.74670252512002, 28.67314648943499 14.59941342503042, 28.67314648943499 9.341889685888818))",0.783,0.806,0.838,2545848,1632690,657809,6203741,12076
119,"POLYGON ((5.059868846264116 16.47390220016713, 10.61965527615513 16.26672649011948, 10.61965527615513 22.27057548800819, 5.059868846264117 22.54054940194471, 5.059868846264116 16.47390220016713))",0.735,0.799,0.838,218059,100722,51312,365709,2900
177,"POLYGON ((28.67314648943499 0, 34.5085229876684 0, 34.5085229876684 4.173022773894666, 28.67314648943499 4.442038523400337, 28.67314648943499 0))",0.650,0.661,0.711,19941571,19253719,15849937,19944639,51111
375,"POLYGON ((90 22.61986494804042, 95.05986884626412 22.54054940194471, 95.05986884626412 28.57906855098932, 90 28.67314648943499, 90 22.61986494804042))",0.704,0.747,0.795,28949087,20728736,11883430,38753840,28180
18d,"POLYGON ((34.5085229876684 -18.9499500044539, 39.98123465891889 -17.70687285471333, 39.98123465891889 -12.81566331979315, 34.5085229876684 -13.74670252512002, 34.5085229876684 -18.9499500044539))",0.650,0.650,0.700,9432719,9432719,8104198,9433904,19844
1bb,"POLYGON ((10.61965527615513 -16.26672649011948, 16.53483785734515 -15.88626236166589, 16.53483785734515 -10.18989264617986, 10.61965527615513 -10.44179817172576, 10.61965527615513 -16.26672649011948))",0.665,0.714,0.780,4484130,3600606,2099870,4716883,17517
917,"POLYGON ((-73.46516214265485 -10.18989264617986, -73.46516214265485 -15.88626236166589, -67.38013505195958 -15.32501998539171, -67.38013505195958 -9.8193006387579, -73.46516214265485 -10.18989264617986))",0.721,0.769,0.819,2718743,2021919,1147813,3547449,5295
8d9,"POLYGON ((-61.326853510565 4.442038523400337, -61.32685351056502 0, -55.49147701233161 0, -55.4914770123316 4.173022773894666, -61.326853510565 4.442038523400337))",0.655,0.661,0.727,355095,349577,289505,359758,109
0c3,"POLYGON ((-16.53483785734516 21.77355606643973, -10.61965527615513 22.27057548800819, -10.61965527615513 28.25839533868567, -16.53483785734515 27.66622518241585, -16.53483785734516 21.77355606643973))",0.790,0.890,0.905,31439,3876,2110,79249,5910
1f3,"POLYGON ((34.5085229876684 -24.25860976441469, 39.98123465891889 -22.73590953009369, 39.98123465891889 -17.70687285471333, 34.5085229876684 -18.9499500044539, 34.5085229876684 -24.25860976441469))",0.712,0.750,0.792,1059938,792725,451438,1398361,7782
10b,"POLYGON ((16.53483785734516 0, 22.61986494804042 0, 22.61986494804043 4.67244275538945, 16.53483785734516 4.851647556935838, 16.53483785734516 0))",0.650,0.655,0.713,2091618,2063520,1687413,2092459,15104
2e5,"POLYGON ((100.6196552761551 -10.44179817172576, 106.5348378573452 -10.18989264617986, 106.5348378573452 -4.851647556935838, 100.6196552761551 -4.973642825000524, 100.6196552761551 -10.44179817172576))",0.774,0.813,0.863,3871336,2573187,869085,6563416,8378
1f5,"POLYGON ((39.98123465891889 -22.73590953009369, 45 -21.14143744584222, 45 -16.41644037358546, 39.98123465891889 -17.70687285471333, 39.98123465891889 -22.73590953009369))",0.652,0.655,0.677,236359,234547,217827,237855,1739
10d,"POLYGON ((16.53483785734516 4.851647556935838, 22.61986494804043 4.67244275538945, 22.61986494804043 9.8193006387579, 16.53483785734515 10.18989264617986, 16.53483785734516 4.851647556935838))",0.650,0.650,0.650,610250,610250,610250,610322,5511
995,"POLYGON ((-112.6198649480404 -21.03751102542181, -112.6198649480404 -26.7849955075022, -106.5348378573452 -27.66622518241585, -106.5348378573452 -21.77355606643973, -112.6198649480404 -21.03751102542181))",0.705,0.770,0.811,9250,7220,5604,10581,588
959,"POLYGON ((-61.32685351056502 -36.34237313080051, -61.32685351056502 -41.26277996400312, -55.4914770123316 -39.48995323591252, -55.4914770123316 -34.64422054710851, -61.32685351056502 -36.34237313080051))",0.775,0.818,0.860,1137551,663696,270429,2250351,13897
313,"POLYGON ((100.6196552761551 16.26672649011948, 106.5348378573452 15.88626236166589, 106.5348378573452 21.77355606643973, 100.6196552761551 22.27057548800819, 100.6196552761551 16.26672649011948))",0.760,0.803,0.845,22669784,14639545,7312579,39426781,37659
19b,"POLYGON ((28.67314648943499 -9.341889685888818, 34.5085229876684 -8.783194988097531, 34.5085229876684 -4.173022773894666, 28.67314648943499 -4.442038523400337, 28.67314648943499 -9.341889685888818))",0.650,0.656,0.716,4274085,4207554,3466149,4274597,8194
893,"POLYGON ((-79.38034472384487 28.25839533868567, -79.38034472384487 22.27057548800819, -73.46516214265485 21.77355606643973, -73.46516214265485 27.66622518241585, -79.38034472384487 28.25839533868567))",0.655,0.685,0.790,241723,219960,144915,245674,470
86b,"POLYGON ((-112.6198649480404 26.7849955075022, -112.6198649480404 21.03751102542181, -106.5348378573452 21.77355606643973, -106.5348378573452 27.66622518241585, -112.6198649480404 26.7849955075022))",0.798,0.834,0.904,1174592,669729,80525,2805841,3299
94d,"POLYGON ((-50.01876534108111 -22.73590953009369, -50.01876534108111 -27.78027316318915, -45 -25.92605088194581, -45 -21.14143744584222, -50.01876534108111 -22.73590953009369))",0.758,0.801,0.847,16854441,12209845,6688540,25815614,21268
173,"POLYGON ((22.61986494804043 4.67244275538945, 28.67314648943499 4.442038523400337, 28.67314648943499 9.341889685888818, 22.61986494804043 9.8193006387579, 22.61986494804043 4.67244275538945))",0.651,0.659,0.707,1122632,1093847,891520,1124852,2752
903,"POLYGON ((-84.94013115373588 0, -84.94013115373588 -5.040252729758283, -79.38034472384487 -4.973642825000524, -79.38034472384487 0, -84.94013115373588 0))",0.780,0.823,0.870,2418703,1590087,636830,4140157,9146
0eb,"POLYGON ((-22.61986494804043 15.32501998539171, -16.53483785734515 15.88626236166589, -16.53483785734516 21.77355606643973, -22.61986494804042 21.03751102542181, -22.61986494804043 15.32501998539171))",0.850,0.919,0.940,7677,592,135,42251,1228
079,"POLYGON ((-45 -7.552372279897661, -39.98123465891889 -8.175896074358709, -39.98123465891889 -3.881312186924027, -45 -3.582521766172679, -45 -7.552372279897661))",0.652,0.688,0.770,3649463,3350993,2640116,3665977,1752
95b,"POLYGON ((-61.326853510565 -31.09807140426155, -61.32685351056502 -36.34237313080051, -55.4914770123316 -34.64422054710851, -55.4914770123316 -29.53280370582265, -61.326853510565 -31.09807140426155))",0.787,0.820,0.863,6683944,4143782,1556751,15719628,69022
3ef,"POLYGON ((55.4914770123316 24.25860976441469, 61.32685351056502 25.63226655107013, 61.326853510565 31.09807140426155, 55.4914770123316 29.53280370582265, 55.4914770123316 24.25860976441469))",0.839,0.843,0.893,103,94,16,500,10975
38d,"POLYGON ((67.38013505195958 32.39984017391932, 73.46516214265485 33.38766721236327, 73.46516214265485 38.79459515585769, 67.38013505195957 37.74124916352239, 67.38013505195958 32.39984017391932))",0.794,0.830,0.861,5722277,3458658,1754725,13504697,32728
1a7,"POLYGON ((10.61965527615514 -4.973642825000524, 16.53483785734516 -4.851647556935838, 16.53483785734516 0, 10.61965527615513 0, 10.61965527615514 -4.973642825000524))",0.696,0.741,0.808,2929873,2398360,1444152,3407010,27168
393,"POLYGON ((67.38013505195958 26.7849955075022, 73.46516214265485 27.66622518241585, 73.46516214265485 33.38766721236327, 67.38013505195958 32.39984017391932, 67.38013505195958 26.7849955075022))",0.788,0.823,0.856,17067926,10732259,5092755,35035368,56993
1a5,"POLYGON ((10.61965527615513 -10.44179817172576, 16.53483785734515 -10.18989264617986, 16.53483785734516 -4.851647556935838, 10.61965527615514 -4.973642825000524, 10.61965527615513 -10.44179817172576))",0.718,0.769,0.836,4187073,3063455,1388526,5386455,29610
39b,"POLYGON ((79.38034472384487 28.25839533868567, 84.94013115373588 28.57906855098932, 84.94013115373588 34.40415724063815, 79.38034472384487 34.04786296943432, 79.38034472384487 28.25839533868567))",0.667,0.737,0.787,4841379,3260656,2049901,5189997,2065
1ed,"POLYGON ((28.67314648943499 -25.63226655107013, 34.5085229876684 -24.25860976441469, 34.5085229876684 -18.9499500044539, 28.67314648943499 -20.08096213071963, 28.67314648943499 -25.63226655107013))",0.709,0.758,0.802,7966416,6291774,4214041,9547111,16470
bdb,"POLYGON ((-77.39585271623817 -49.3292221793741, -74.74488129694222 -54.52596135026464, -66.64443514071399 -53.17193519487547, -70.50413948681376 -48.3455290041172, -77.39585271623817 -49.3292221793741))",0.774,0.803,0.829,149442,110473,76585,299290,4709
309,"POLYGON ((90 10.61965527615513, 95.05986884626412 10.57920733737058, 95.05986884626412 16.47390220016713, 90 16.53483785734516, 90 10.61965527615513))",0.770,0.771,0.809,81961,81160,57349,154936,1310
105,"POLYGON ((5.059868846264116 5.040252729758283, 10.61965527615514 4.973642825000524, 10.61965527615513 10.44179817172576, 5.059868846264117 10.57920733737058, 5.059868846264116 5.040252729758283))",0.650,0.689,0.737,25483667,22637049,18646987,25487081,33961
913,"POLYGON ((-79.38034472384487 -16.26672649011948, -79.38034472384487 -22.27057548800819, -73.46516214265485 -21.77355606643973, -73.46516214265485 -15.88626236166589, -79.38034472384487 -16.26672649011948))",0.749,0.749,0.749,3532,3532,3532,6587,2
193,"POLYGON ((28.67314648943499 -20.08096213071963, 34.5085229876684 -18.9499500044539, 34.5085229876684 -13.74670252512002, 28.67314648943499 -14.59941342503042, 28.67314648943499 -20.08096213071963))",0.657,0.697,0.755,10458436,9038361,6486396,10699257,27953
143,"POLYGON ((28.67314648943499 20.08096213071963, 34.5085229876684 18.9499500044539, 34.5085229876684 24.25860976441469, 28.67314648943499 25.63226655107013, 28.67314648943499 20.08096213071963))",0.795,0.828,0.875,257282,157125,53364,724326,5086
395,"POLYGON ((67.38013505195958 21.03751102542181, 73.46516214265485 21.77355606643973, 73.46516214265485 27.66622518241585, 67.38013505195958 26.7849955075022, 67.38013505195958 21.03751102542181))",0.756,0.802,0.879,19252202,11879657,2110630,33050933,12721
13b,"POLYGON ((10.61965527615513 28.25839533868567, 16.53483785734515 27.66622518241585, 16.53483785734516 33.38766721236327, 10.61965527615513 34.04786296943432, 10.61965527615513 28.25839533868567))",0.818,0.842,0.871,180825,127783,73671,511426,23836
19d,"POLYGON ((28.67314648943499 -4.442038523400337, 34.5085229876684 -4.173022773894666, 34.5085229876684 0, 28.67314648943499 0, 28.67314648943499 -4.442038523400337))",0.650,0.683,0.738,22103171,19996306,15616889,22106220,56653
329,"POLYGON ((124.5085229876684 0, 129.9812346589189 0, 129.9812346589189 3.881312186924027, 124.5085229876684 4.173022773894666, 124.5085229876684 0))",0.731,0.779,0.833,1064005,804312,452490,1408833,2317
85d,"POLYGON ((-100.6196552761551 22.27057548800819, -100.6196552761551 16.26672649011948, -95.05986884626412 16.47390220016713, -95.05986884626412 22.54054940194471, -100.6196552761551 22.27057548800819))",0.790,0.825,0.933,14474810,8564477,126074,38408563,23263
3ed,"POLYGON ((61.32685351056502 25.63226655107013, 67.38013505195958 26.7849955075022, 67.38013505195958 32.39984017391932, 61.326853510565 31.09807140426155, 61.32685351056502 25.63226655107013))",0.789,0.821,0.873,1265070,771666,180863,2959312,6978
0e7,"POLYGON ((-10.61965527615513 16.26672649011948, -5.059868846264116 16.47390220016713, -5.059868846264117 22.54054940194471, -10.61965527615513 22.27057548800819, -10.61965527615513 16.26672649011948))",0.651,0.651,0.707,148319,148319,128523,148583,870
0ed,"POLYGON ((-22.61986494804043 9.8193006387579, -16.53483785734515 10.18989264617986, -16.53483785734515 15.88626236166589, -22.61986494804043 15.32501998539171, -22.61986494804043 9.8193006387579))",0.744,0.782,0.831,1496294,1117521,638215,2360662,15230
121,"POLYGON ((0 22.61986494804042, 5.059868846264117 22.54054940194471, 5.059868846264117 28.57906855098932, 0 28.67314648943499, 0 22.61986494804042))",0.776,0.788,0.850,57102,50301,18073,128727,748
30b,"POLYGON ((90 16.53483785734516, 95.05986884626412 16.47390220016713, 95.05986884626412 22.54054940194471, 90 22.61986494804042, 90 16.53483785734516))",0.730,0.758,0.809,2080826,1574870,750390,3455640,8112
2d9,"POLYGON ((118.673146489435 -4.442038523400337, 124.5085229876684 -4.173022773894666, 124.5085229876684 0, 118.673146489435 0, 118.673146489435 -4.442038523400337))",0.666,0.740,0.815,3953618,3078123,1772555,4111979,1956
14f,"POLYGON ((28.67314648943499 31.09807140426155, 34.5085229876684 29.53280370582265, 34.5085229876684 34.64422054710851, 28.67314648943499 36.34237313080051, 28.67314648943499 31.09807140426155))",0.817,0.940,0.956,3590506,32283,4993,9741034,26068
18b,"POLYGON ((39.98123465891889 -17.70687285471333, 45 -16.41644037358546, 45 -11.85551661629703, 39.98123465891889 -12.81566331979315, 39.98123465891889 -17.70687285471333))",0.650,0.650,0.731,771800,771800,630937,772193,4594
073,"POLYGON ((-39.98123465891889 -17.70687285471333, -34.5085229876684 -18.9499500044539, -34.5085229876684 -13.74670252512002, -39.98123465891889 -12.81566331979315, -39.98123465891889 -17.70687285471333))",0.683,0.726,0.772,1329715,1158484,913745,1449095,574
1c3,"POLYGON ((16.53483785734516 -33.38766721236327, 22.61986494804043 -32.39984017391932, 22.61986494804042 -26.7849955075022, 16.53483785734515 -27.66622518241585, 16.53483785734516 -33.38766721236327))",0.752,0.780,0.828,388830,323935,200890,577334,3235
0dd,"POLYGON ((-10.61965527615513 22.27057548800819, -5.059868846264117 22.54054940194471, -5.059868846264117 28.57906855098932, -10.61965527615513 28.25839533868567, -10.61965527615513 22.27057548800819))",0.674,0.716,0.798,110933,92493,51537,120952,1240
953,"POLYGON ((-50.01876534108111 -27.78027316318915, -50.01876534108111 -32.72223246694561, -45 -30.66533377890378, -45 -25.92605088194581, -50.01876534108111 -27.78027316318915))",0.683,0.729,0.800,1863275,1618737,1159839,2032839,1547
0ef,"POLYGON ((-16.53483785734515 10.18989264617986, -10.61965527615513 10.44179817172576, -10.61965527615513 16.26672649011948, -16.53483785734515 15.88626236166589, -16.53483785734515 10.18989264617986))",0.652,0.698,0.749,6853704,5801832,4453423,6904926,40803
1bd,"POLYGON ((16.53483785734515 -15.88626236166589, 22.61986494804043 -15.32501998539171, 22.61986494804043 -9.8193006387579, 16.53483785734515 -10.18989264617986, 16.53483785734515 -15.88626236166589))",0.651,0.673,0.740,1120636,1040863,744424,1122617,4189
30f,"POLYGON ((95.05986884626412 10.57920733737058, 100.6196552761551 10.44179817172576, 100.6196552761551 16.26672649011948, 95.05986884626412 16.47390220016713, 95.05986884626412 10.57920733737058))",0.761,0.805,0.849,7042503,5299586,3324202,10561021,16139
813,"POLYGON ((-118.673146489435 31.09807140426155, -118.673146489435 25.63226655107013, -112.6198649480404 26.7849955075022, -112.6198649480404 32.39984017391932, -118.673146489435 31.09807140426155))",0.730,0.837,0.942,243804,93911,1346,325844,193
8ef,"POLYGON ((-79.38034472384487 16.26672649011948, -79.38034472384487 10.44179817172576, -73.46516214265485 10.18989264617986, -73.46516214265485 15.88626236166589, -79.38034472384487 16.26672649011948))",0.798,0.870,0.943,678827,147214,2360,1461800,3785
1f1,"POLYGON ((34.5085229876684 -29.53280370582265, 39.98123465891889 -27.78027316318915, 39.98123465891889 -22.73590953009369, 34.5085229876684 -24.25860976441469, 34.5085229876684 -29.53280370582265))",0.727,0.765,0.793,148594,91391,52488,248138,451
0c7,"POLYGON ((-22.61986494804042 26.7849955075022, -16.53483785734515 27.66622518241585, -16.53483785734516 33.38766721236327, -22.61986494804043 32.39984017391932, -22.61986494804042 26.7849955075022))",0.794,0.827,0.925,252769,172289,7964,577165,2713
919,"POLYGON ((-73.46516214265485 -4.851647556935838, -73.46516214265485 -10.18989264617986, -67.38013505195958 -9.8193006387579, -67.38013505195957 -4.67244275538945, -73.46516214265485 -4.851647556935838))",0.669,0.709,0.908,286150,252800,12051,301643,198
0ff,"POLYGON ((-5.059868846264117 0, 0 0, 0 5.059868846264117, -5.059868846264116 5.040252729758283, -5.059868846264117 0))",0.699,0.737,0.791,258808,211507,140476,316665,1672
921,"POLYGON ((-67.38013505195958 0, -67.38013505195957 -4.67244275538945, -61.326853510565 -4.442038523400337, -61.32685351056502 0, -67.38013505195958 0))",0.677,0.746,0.801,152330,120657,85799,163388,208
91d,"POLYGON ((-79.38034472384487 0, -79.38034472384487 -4.973642825000524, -73.46516214265485 -4.851647556935838, -73.46516214265485 0, -79.38034472384487 0))",0.756,0.803,0.859,2877613,1918016,780116,4620572,6504
901,"POLYGON ((-90 0, -90 -5.059868846264117, -84.94013115373588 -5.040252729758283, -84.94013115373588 0, -90 0))",0.730,0.730,0.730,4238,4238,4238,5585,2
85f,"POLYGON ((-95.05986884626412 22.54054940194471, -95.05986884626412 16.47390220016713, -90 16.53483785734516, -90 22.61986494804042, -95.05986884626412 22.54054940194471))",0.725,0.774,0.826,4648529,3357731,1805582,6253204,4421
36d,"POLYGON ((100.6196552761551 22.27057548800819, 106.5348378573452 21.77355606643973, 106.5348378573452 27.66622518241585, 100.6196552761551 28.25839533868567, 100.6196552761551 22.27057548800819))",0.659,0.721,0.762,2561693,1983905,1522948,2642054,159
3bf,"POLYGON ((67.38013505195958 15.32501998539171, 73.46516214265485 15.88626236166589, 73.46516214265485 21.77355606643973, 67.38013505195958 21.03751102542181, 67.38013505195958 15.32501998539171))",0.833,0.838,0.903,2493379,2287507,341577,9207491,1245
8c1,"POLYGON ((-67.38013505195958 21.03751102542181, -67.38013505195958 15.32501998539171, -61.326853510565 14.59941342503042, -61.326853510565 20.08096213071963, -67.38013505195958 21.03751102542181))",0.729,0.781,0.831,2516869,1951960,1354531,3310436,6068
3eb,"POLYGON ((61.326853510565 20.08096213071963, 67.38013505195958 21.03751102542181, 67.38013505195958 26.7849955075022, 61.32685351056502 25.63226655107013, 61.326853510565 20.08096213071963))",0.809,0.863,0.884,955697,290077,148567,3322086,3685
2e3,"POLYGON ((100.6196552761551 -4.973642825000524, 106.5348378573452 -4.851647556935838, 106.5348378573452 0, 100.6196552761551 0, 100.6196552761551 -4.973642825000524))",0.748,0.790,0.849,6918085,5160100,2168089,9578298,7252
2cf,"POLYGON ((124.5085229876684 -13.74670252512002, 129.9812346589189 -12.81566331979315, 129.9812346589189 -8.175896074358709, 124.5085229876684 -8.783194988097531, 124.5085229876684 -13.74670252512002))",0.651,0.669,0.707,764929,721641,628217,766421,617
303,"POLYGON ((95.05986884626412 0, 100.6196552761551 0, 100.6196552761551 4.973642825000524, 95.05986884626412 5.040252729758283, 95.05986884626412 0))",0.777,0.828,0.870,3542346,2073954,831139,5752774,9447
0fb,"POLYGON ((-10.61965527615514 4.973642825000524, -5.059868846264116 5.040252729758283, -5.059868846264117 10.57920733737058, -10.61965527615513 10.44179817172576, -10.61965527615514 4.973642825000524))",0.650,0.669,0.729,8043679,7663419,6252728,8046597,23008
be9,"POLYGON ((-58.78159723565363 -51.20393553160921, -52.69605172201657 -55.49070946377213, -45 -52.28170368578864, -51.49934627965457 -48.70131507598031, -58.78159723565363 -51.20393553160921))",0.724,0.724,0.774,3836,3836,2571,5634,32
197,"POLYGON ((22.61986494804043 -15.32501998539171, 28.67314648943499 -14.59941342503042, 28.67314648943499 -9.341889685888818, 22.61986494804043 -9.8193006387579, 22.61986494804043 -15.32501998539171))",0.663,0.721,0.774,4028535,3240531,2304790,4182712,19339
86d,"POLYGON ((-112.6198649480404 32.39984017391932, -112.6198649480404 26.7849955075022, -106.5348378573452 27.66622518241585, -106.5348378573452 33.38766721236327, -112.6198649480404 32.39984017391932))",0.770,0.813,0.853,1595185,1064724,546508,2616401,5210
939,"POLYGON ((-61.326853510565 -14.59941342503042, -61.326853510565 -20.08096213071963, -55.49147701233161 -18.9499500044539, -55.4914770123316 -13.74670252512002, -61.326853510565 -14.59941342503042))",0.765,0.805,0.841,1092367,826246,544522,1648865,1480
3b5,"POLYGON ((67.38013505195958 0, 73.46516214265485 0, 73.46516214265485 4.851647556935838, 67.38013505195957 4.67244275538945, 67.38013505195958 0))",0.683,0.683,0.711,43399,43399,39243,48075,88
179,"POLYGON ((34.5085229876684 0, 39.98123465891889 0, 39.98123465891889 3.881312186924027, 34.5085229876684 4.173022773894666, 34.5085229876684 0))",0.674,0.730,0.768,6113957,4675625,3463694,6627869,12281
685,"POLYGON ((140.0187653410811 -3.881312186924027, 140.0187653410811 -8.175896074358709, 145.4914770123316 -8.783194988097531, 145.4914770123316 -4.173022773894666, 140.0187653410811 -3.881312186924027))",0.703,0.703,0.703,37907,37907,37907,46273,950
0e9,"POLYGON ((-16.53483785734515 15.88626236166589, -10.61965527615513 16.26672649011948, -10.61965527615513 22.27057548800819, -16.53483785734516 21.77355606643973, -16.53483785734515 15.88626236166589))",0.685,0.733,0.782,1766703,1424652,993769,1989576,16778
3d9,"POLYGON ((45 7.552372279897661, 50.01876534108111 8.175896074358709, 50.01876534108111 12.81566331979315, 45 11.85551661629703, 45 7.552372279897661))",0.742,0.786,0.876,310025,211855,46054,499894,3598
92b,"POLYGON ((-50.01876534108111 0, -50.01876534108111 -3.881312186924027, -45 -3.582521766172679, -45 0, -50.01876534108111 0))",0.722,0.773,0.821,2453456,1971214,1315300,2990664,3361
2fd,"POLYGON ((95.05986884626412 -5.040252729758283, 100.6196552761551 -4.973642825000524, 100.6196552761551 0, 95.05986884626412 0, 95.05986884626412 -5.040252729758283))",0.723,0.766,0.828,1076772,850656,447695,1371848,2614
95f,"POLYGON ((-67.38013505195957 -37.74124916352239, -67.38013505195957 -42.70938995736147, -61.32685351056502 -41.26277996400312, -61.32685351056502 -36.34237313080051, -67.38013505195957 -37.74124916352239))",0.767,0.798,0.816,514202,365327,281023,954081,7643
687,"POLYGON ((140.0187653410811 0, 140.0187653410811 -3.881312186924027, 145.4914770123316 -4.173022773894666, 145.4914770123316 0, 140.0187653410811 0))",0.787,0.805,0.838,112119,91889,56976,227106,1421
31f,"POLYGON ((106.5348378573452 0, 112.6198649480404 0, 112.6198649480404 4.67244275538945, 106.5348378573452 4.851647556935838, 106.5348378573452 0))",0.821,0.854,0.945,828447,480914,7344,2173671,3693
867,"POLYGON ((-100.6196552761551 28.25839533868567, -100.6196552761551 22.27057548800819, -95.05986884626412 22.54054940194471, -95.05986884626412 28.57906855098932, -100.6196552761551 28.25839533868567))",0.765,0.818,0.914,3641861,2057473,143408,6031832,5634
1a3,"POLYGON ((16.53483785734515 -10.18989264617986, 22.61986494804043 -9.8193006387579, 22.61986494804043 -4.67244275538945, 16.53483785734516 -4.851647556935838, 16.53483785734515 -10.18989264617986))",0.651,0.651,0.665,2707005,2707005,2598361,2711874,8873
69b,"POLYGON ((140.0187653410811 -8.175896074358709, 140.0187653410811 -12.81566331979315, 145.4914770123316 -13.74670252512002, 145.4914770123316 -8.783194988097531, 140.0187653410811 -8.175896074358709))",0.769,0.795,0.813,55443,45077,37903,96228,241
175,"POLYGON ((22.61986494804042 0, 28.67314648943499 0, 28.67314648943499 4.442038523400337, 22.61986494804043 4.67244275538945, 22.61986494804042 0))",0.650,0.659,0.718,1548518,1513643,1214958,1549919,5800
16b,"POLYGON ((22.61986494804043 15.32501998539171, 28.67314648943499 14.59941342503042, 28.67314648943499 20.08096213071963, 22.61986494804042 21.03751102542181, 22.61986494804043 15.32501998539171))",0.668,0.668,0.668,78690,78690,78690,85446,74
33d,"POLYGON ((112.6198649480404 9.8193006387579, 118.673146489435 9.341889685888818, 118.673146489435 14.59941342503042, 112.6198649480404 15.32501998539171, 112.6198649480404 9.8193006387579))",0.668,0.668,0.668,36595,36595,36595,38837,49
00d,"POLYGON ((-39.98123465891889 -22.73590953009369, -34.5085229876684 -24.25860976441469, -34.5085229876684 -18.9499500044539, -39.98123465891889 -17.70687285471333, -39.98123465891889 -22.73590953009369))",0.734,0.799,0.837,152280,106605,68463,193516,322
1b9,"POLYGON ((10.61965527615513 -22.27057548800819, 16.53483785734516 -21.77355606643973, 16.53483785734515 -15.88626236166589, 10.61965527615513 -16.26672649011948, 10.61965527615513 -22.27057548800819))",0.691,0.723,0.782,1882342,1483526,711022,2294452,6372
117,"POLYGON ((10.61965527615513 16.26672649011948, 16.53483785734515 15.88626236166589, 16.53483785734516 21.77355606643973, 10.61965527615513 22.27057548800819, 10.61965527615513 16.26672649011948))",0.663,0.663,0.789,23229,23229,5294,25684,113
969,"POLYGON ((-73.46516214265485 -27.66622518241585, -73.46516214265485 -33.38766721236327, -67.38013505195958 -32.39984017391932, -67.38013505195958 -26.7849955075022, -73.46516214265485 -27.66622518241585))",0.792,0.818,0.848,1373718,997486,576864,3011713,9108
3af,"POLYGON ((79.38034472384487 4.973642825000524, 84.94013115373588 5.040252729758283, 84.94013115373588 10.57920733737058, 79.38034472384487 10.44179817172576, 79.38034472384487 4.973642825000524))",0.699,0.751,0.810,8433245,6460628,3888772,10066838,14797
33b,"POLYGON ((118.673146489435 9.341889685888818, 124.5085229876684 8.783194988097531, 124.5085229876684 13.74670252512002, 118.673146489435 14.59941342503042, 118.673146489435 9.341889685888818))",0.754,0.799,0.849,5955766,3723338,1679313,10854108,6564
323,"POLYGON ((112.6198649480404 4.67244275538945, 118.673146489435 4.442038523400337, 118.673146489435 9.341889685888818, 112.6198649480404 9.8193006387579, 112.6198649480404 4.67244275538945))",0.784,0.845,0.920,974199,556650,81490,1675144,4340
1e9,"POLYGON ((22.61986494804043 -32.39984017391932, 28.67314648943499 -31.09807140426155, 28.67314648943499 -25.63226655107013, 22.61986494804042 -26.7849955075022, 22.61986494804043 -32.39984017391932))",0.778,0.817,0.976,7169501,5063636,209,12456870,44393
397,"POLYGON ((73.46516214265485 21.77355606643973, 79.38034472384487 22.27057548800819, 79.38034472384487 28.25839533868567, 73.46516214265485 27.66622518241585, 73.46516214265485 21.77355606643973))",0.774,0.804,0.829,25742998,17227082,11044832,61048124,7027
399,"POLYGON ((79.38034472384487 22.27057548800819, 84.94013115373588 22.54054940194471, 84.94013115373588 28.57906855098932, 79.38034472384487 28.25839533868567, 79.38034472384487 22.27057548800819))",0.743,0.773,0.809,45099294,32124314,18325090,82495502,15987
681,"POLYGON ((135 0, 135 -3.582521766172679, 140.0187653410811 -3.881312186924027, 140.0187653410811 0, 135 0))",0.729,0.778,0.811,188647,141234,106141,253784,519
8e1,"POLYGON ((-73.46516214265485 4.851647556935838, -73.46516214265485 0, -67.38013505195958 0, -67.38013505195957 4.67244275538945, -73.46516214265485 4.851647556935838))",0.711,0.742,0.802,220204,189543,121176,277823,314
94f,"POLYGON ((-55.4914770123316 -24.25860976441469, -55.4914770123316 -29.53280370582265, -50.01876534108111 -27.78027316318915, -50.01876534108111 -22.73590953009369, -55.4914770123316 -24.25860976441469))",0.719,0.771,0.828,9196414,7417058,4894220,11246273,10077
9ab,"POLYGON ((-95.05986884626412 0, -95.05986884626412 -5.040252729758283, -90 -5.059868846264117, -90 0, -95.05986884626412 0))",0.651,0.689,0.733,16065,14239,11954,16122,383
12f,"POLYGON ((5.059868846264117 34.40415724063815, 10.61965527615513 34.04786296943432, 10.61965527615513 39.49464011274421, 5.059868846264117 39.87112800298822, 5.059868846264117 34.40415724063815))",0.780,0.840,1.000,5041091,2762624,0,8878248,34871
169,"POLYGON ((28.67314648943499 14.59941342503042, 34.5085229876684 13.74670252512002, 34.5085229876684 18.9499500044539, 28.67314648943499 20.08096213071963, 28.67314648943499 14.59941342503042))",0.776,0.800,0.838,5477948,4028293,1853000,11029595,39260
331,"POLYGON ((124.5085229876684 8.783194988097531, 129.9812346589189 8.175896074358709, 129.9812346589189 12.81566331979315, 124.5085229876684 13.74670252512002, 124.5085229876684 8.783194988097531))",0.738,0.776,0.824,1294500,879739,429653,2166371,2102
0d1,"POLYGON ((-10.61965527615513 34.04786296943432, -5.059868846264117 34.40415724063815, -5.059868846264117 39.87112800298822, -10.61965527615513 39.49464011274421, -10.61965527615513 34.04786296943432))",0.847,0.863,0.884,7735,5489,3152,51494,20034
8e5,"POLYGON ((-79.38034472384487 10.44179817172576, -79.38034472384487 4.973642825000524, -73.46516214265485 4.851647556935838, -73.46516214265485 10.18989264617986, -79.38034472384487 10.44179817172576))",0.772,0.818,0.862,3229747,1927183,755975,5800973,11921
0c5,"POLYGON ((-16.53483785734515 27.66622518241585, -10.61965527615513 28.25839533868567, -10.61965527615513 34.04786296943432, -16.53483785734516 33.38766721236327, -16.53483785734515 27.66622518241585))",0.818,0.856,0.880,263499,133416,73359,912789,2466
36b,"POLYGON ((106.5348378573452 21.77355606643973, 112.6198649480404 21.03751102542181, 112.6198649480404 26.7849955075022, 106.5348378573452 27.66622518241585, 106.5348378573452 21.77355606643973))",0.661,0.661,0.661,505673,505673,505673,525032,38
0d7,"POLYGON ((-5.059868846264117 34.40415724063815, 0 34.5085229876684, 0 39.98123465891889, -5.059868846264117 39.87112800298822, -5.059868846264117 34.40415724063815))",0.828,0.958,0.958,490986,1124,1028,1485459,33790
321,"POLYGON ((112.6198649480404 0, 118.673146489435 0, 118.673146489435 4.442038523400337, 112.6198649480404 4.67244275538945, 112.6198649480404 0))",0.816,0.859,0.950,552460,321689,3885,1215565,2377
189,"POLYGON ((39.98123465891889 -12.81566331979315, 45 -11.85551661629703, 45 -7.552372279897661, 39.98123465891889 -8.175896074358709, 39.98123465891889 -12.81566331979315))",0.677,0.709,0.766,254658,223083,162120,281214,4040
141,"POLYGON ((22.61986494804042 21.03751102542181, 28.67314648943499 20.08096213071963, 28.67314648943499 25.63226655107013, 22.61986494804042 26.7849955075022, 22.61986494804042 21.03751102542181))",0.882,0.882,0.882,383,383,383,11117,196
0db,"POLYGON ((-10.61965527615513 28.25839533868567, -5.059868846264117 28.57906855098932, -5.059868846264117 34.40415724063815, -10.61965527615513 34.04786296943432, -10.61965527615513 28.25839533868567))",0.652,0.654,0.739,7864,7813,5167,7934,40255
31d,"POLYGON ((100.6196552761551 0, 106.5348378573452 0, 106.5348378573452 4.851647556935838, 100.6196552761551 4.973642825000524, 100.6196552761551 0))",0.876,0.960,0.963,1524284,10610,6769,9678497,23146
683,"POLYGON ((135 -3.582521766172679, 135 -7.552372279897661, 140.0187653410811 -8.175896074358709, 140.0187653410811 -3.881312186924027, 135 -3.582521766172679))",0.707,0.739,0.786,259107,219962,158352,321149,458
24b,"POLYGON ((67.38013505195957 -4.67244275538945, 73.46516214265485 -4.851647556935838, 73.46516214265485 0, 67.38013505195958 0, 67.38013505195957 -4.67244275538945))",0.690,0.718,0.834,19197,17361,7424,21742,40
0df,"POLYGON ((-5.059868846264117 22.54054940194471, 0 22.61986494804042, 0 28.67314648943499, -5.059868846264117 28.57906855098932, -5.059868846264117 22.54054940194471))",0.784,0.842,0.946,84192,39160,289,182086,1868
859,"POLYGON ((-95.05986884626412 16.47390220016713, -95.05986884626412 10.57920733737058, -90 10.61965527615513, -90 16.53483785734516, -95.05986884626412 16.47390220016713))",0.727,0.774,0.814,7462177,5281268,3384616,10484194,14172
123,"POLYGON ((5.059868846264117 22.54054940194471, 10.61965527615513 22.27057548800819, 10.61965527615513 28.25839533868567, 5.059868846264117 28.57906855098932, 5.059868846264117 22.54054940194471))",0.799,0.916,0.944,75428,5011,804,219642,1395
077,"POLYGON ((-45 -11.85551661629703, -39.98123465891889 -12.81566331979315, -39.98123465891889 -8.175896074358709, -45 -7.552372279897661, -45 -11.85551661629703))",0.656,0.731,0.808,1932575,1546706,1036969,1963020,732
317,"POLYGON ((106.5348378573452 10.18989264617986, 112.6198649480404 9.8193006387579, 112.6198649480404 15.32501998539171, 106.5348378573452 15.88626236166589, 106.5348378573452 10.18989264617986))",0.806,0.847,0.895,7185535,3163862,569607,20380767,27082
163,"POLYGON ((39.98123465891889 8.175896074358709, 45 7.552372279897661, 45 11.85551661629703, 39.98123465891889 12.81566331979315, 39.98123465891889 8.175896074358709))",0.650,0.691,0.747,3452998,3056925,2420554,3453449,18311
0e3,"POLYGON ((-5.059868846264117 10.57920733737058, 0 10.61965527615513, 0 16.53483785734516, -5.059868846264116 16.47390220016713, -5.059868846264117 10.57920733737058))",0.696,0.743,0.788,11876124,9073815,5605991,14203444,37329
199,"POLYGON ((22.61986494804043 -9.8193006387579, 28.67314648943499 -9.341889685888818, 28.67314648943499 -4.442038523400337, 22.61986494804043 -4.67244275538945, 22.61986494804043 -9.8193006387579))",0.650,0.650,0.669,2684315,2684315,2560525,2687276,5136
8fd,"POLYGON ((-84.94013115373588 5.040252729758283, -84.94013115373588 0, -79.38034472384487 0, -79.38034472384487 4.973642825000524, -84.94013115373588 5.040252729758283))",0.748,0.823,0.837,157401,83094,67783,220355,131
0fd,"POLYGON ((-5.059868846264116 5.040252729758283, 0 5.059868846264117, 0 10.61965527615513, -5.059868846264117 10.57920733737058, -5.059868846264116 5.040252729758283))",0.685,0.729,0.784,12913556,10818613,7825565,14455295,50131
8db,"POLYGON ((-61.326853510565 9.341889685888818, -61.326853510565 4.442038523400337, -55.4914770123316 4.173022773894666, -55.4914770123316 8.783194988097531, -61.326853510565 9.341889685888818))",0.673,0.738,0.808,472481,380341,265853,505076,2118
339,"POLYGON ((118.673146489435 14.59941342503042, 124.5085229876684 13.74670252512002, 124.5085229876684 18.9499500044539, 118.673146489435 20.08096213071963, 118.673146489435 14.59941342503042))",0.763,0.817,0.874,8342827,4666004,1588999,15325418,10592
10f,"POLYGON ((10.61965527615514 4.973642825000524, 16.53483785734516 4.851647556935838, 16.53483785734515 10.18989264617986, 10.61965527615513 10.44179817172576, 10.61965527615514 4.973642825000524))",0.650,0.685,0.736,7809939,6639371,4737035,7814778,24135
07f,"POLYGON ((-45 -3.582521766172679, -39.98123465891889 -3.881312186924027, -39.98123465891889 0, -45 0, -45 -3.582521766172679))",0.667,0.737,0.820,1990055,1645644,1066616,2076015,1461
91f,"POLYGON ((-73.46516214265485 0, -73.46516214265485 -4.851647556935838, -67.38013505195957 -4.67244275538945, -67.38013505195958 0, -73.46516214265485 0))",0.795,0.832,0.875,174153,99151,33187,363493,1066
185,"POLYGON ((34.5085229876684 -8.783194988097531, 39.98123465891889 -8.175896074358709, 39.98123465891889 -3.881312186924027, 34.5085229876684 -4.173022773894666, 34.5085229876684 -8.783194988097531))",0.664,0.710,0.760,8605397,7350286,5651562,8968031,26258
945,"POLYGON ((-61.32685351056502 -25.63226655107013, -61.326853510565 -31.09807140426155, -55.4914770123316 -29.53280370582265, -55.4914770123316 -24.25860976441469, -61.32685351056502 -25.63226655107013))",0.751,0.800,0.836,4057473,2739140,1665293,6112641,22747
be1,"POLYGON ((-67.38013505195957 -42.70938995736147, -63.57747534364858 -46.88250450215281, -56.88865803962798 -44.96817331739243, -61.32685351056502 -41.26277996400312, -67.38013505195957 -42.70938995736147))",0.797,0.821,0.846,68050,45571,26524,192124,3777
88d,"POLYGON ((-84.94013115373588 28.57906855098932, -84.94013115373588 22.54054940194471, -79.38034472384487 22.27057548800819, -79.38034472384487 28.25839533868567, -84.94013115373588 28.57906855098932))",0.756,0.803,0.956,1079935,648701,623,1966892,18638
905,"POLYGON ((-84.94013115373588 -5.040252729758283, -84.94013115373588 -10.57920733737058, -79.38034472384487 -10.44179817172576, -79.38034472384487 -4.973642825000524, -84.94013115373588 -5.040252729758283))",0.813,0.841,0.913,557730,351373,25535,1532676,4815
bd9,"POLYGON ((-79.38034472384487 -44.50509820989622, -77.39585271623817 -49.3292221793741, -70.50413948681376 -48.3455290041172, -73.46516214265485 -43.79048739785681, -79.38034472384487 -44.50509820989622))",0.776,0.782,0.811,21826,20329,13557,56511,92
8f9,"POLYGON ((-90 10.61965527615513, -90 5.059868846264117, -84.94013115373588 5.040252729758283, -84.94013115373588 10.57920733737058, -90 10.61965527615513))",0.765,0.830,0.870,144074,78712,38791,228380,495
1a1,"POLYGON ((16.53483785734516 -4.851647556935838, 22.61986494804043 -4.67244275538945, 22.61986494804042 0, 16.53483785734516 0, 16.53483785734516 -4.851647556935838))",0.651,0.651,0.651,1497151,1497151,1497151,1499307,5720
00b,"POLYGON ((-45 -21.14143744584222, -39.98123465891889 -22.73590953009369, -39.98123465891889 -17.70687285471333, -45 -16.41644037358546, -45 -21.14143744584222))",0.747,0.792,0.844,8498035,6491566,3607674,11929083,19736
2d3,"POLYGON ((129.9812346589189 -8.175896074358709, 135 -7.552372279897661, 135 -3.582521766172679, 129.9812346589189 -3.881312186924027, 129.9812346589189 -8.175896074358709))",0.662,0.682,0.682,158067,148854,148854,163824,39
093,"POLYGON ((-28.67314648943499 9.341889685888818, -22.61986494804043 9.8193006387579, -22.61986494804043 15.32501998539171, -28.67314648943499 14.59941342503042, -28.67314648943499 9.341889685888818))",0.771,0.853,0.962,98348,29605,34,193863,6097
0f9,"POLYGON ((-10.61965527615513 0, -5.059868846264117 0, -5.059868846264116 5.040252729758283, -10.61965527615514 4.973642825000524, -10.61965527615513 0))",0.652,0.712,0.750,321208,267142,224225,322735,1581
181,"POLYGON ((39.98123465891889 -3.881312186924027, 45 -3.582521766172679, 45 0, 39.98123465891889 0, 39.98123465891889 -3.881312186924027))",0.652,0.705,0.775,421472,349663,225326,424431,5294
21d,"POLYGON ((45 -25.92605088194581, 50.01876534108111 -27.78027316318915, 50.01876534108111 -22.73590953009369, 45 -21.14143744584222, 45 -25.92605088194581))",0.651,0.683,0.730,1221260,1060249,777908,1224243,2813
1e7,"POLYGON ((22.61986494804043 -37.74124916352239, 28.67314648943499 -36.34237313080051, 28.67314648943499 -31.09807140426155, 22.61986494804043 -32.39984017391932, 22.61986494804043 -37.74124916352239))",0.742,0.780,0.816,2770015,2353479,1843738,3509197,15702
bdd,"POLYGON ((-70.50413948681376 -48.3455290041172, -66.64443514071399 -53.17193519487547, -58.78159723565363 -51.20393553160921, -63.57747534364858 -46.88250450215281, -70.50413948681376 -48.3455290041172))",0.654,0.654,0.672,39051,39051,36529,39742,72
8eb,"POLYGON ((-73.46516214265485 21.77355606643973, -73.46516214265485 15.88626236166589, -67.38013505195958 15.32501998539171, -67.38013505195958 21.03751102542181, -73.46516214265485 21.77355606643973))",0.696,0.751,0.816,6840280,4921851,2456199,8233323,26290
31b,"POLYGON ((100.6196552761551 4.973642825000524, 106.5348378573452 4.851647556935838, 106.5348378573452 10.18989264617986, 100.6196552761551 10.44179817172576, 100.6196552761551 4.973642825000524))",0.801,0.853,0.924,3782733,1502944,77458,8571202,11480
1f7,"POLYGON ((39.98123465891889 -27.78027316318915, 45 -25.92605088194581, 45 -21.14143744584222, 39.98123465891889 -22.73590953009369, 39.98123465891889 -27.78027316318915))",0.651,0.689,0.738,705967,587509,412933,707482,4782
3b1,"POLYGON ((73.46516214265485 4.851647556935838, 79.38034472384487 4.973642825000524, 79.38034472384487 10.44179817172576, 73.46516214265485 10.18989264617986, 73.46516214265485 4.851647556935838))",0.724,0.779,0.825,11735479,7547888,4079053,16329277,3051
2e1,"POLYGON ((106.5348378573452 -4.851647556935838, 112.6198649480404 -4.67244275538945, 112.6198649480404 0, 106.5348378573452 0, 106.5348378573452 -4.851647556935838))",0.719,0.775,0.816,1333723,999455,669464,1618664,1778
3d5,"POLYGON ((45 0, 50.01876534108111 0, 50.01876534108111 3.881312186924027, 45 3.582521766172679, 45 0))",0.715,0.749,0.785,682472,548466,398045,909958,9028
11f,"POLYGON ((0 16.53483785734516, 5.059868846264116 16.47390220016713, 5.059868846264117 22.54054940194471, 0 22.61986494804042, 0 16.53483785734516))",0.773,0.807,0.911,25402,16948,815,51588,2275
80d,"POLYGON ((-118.673146489435 36.34237313080051, -118.673146489435 31.09807140426155, -112.6198649480404 32.39984017391932, -112.6198649480404 37.74124916352239, -118.673146489435 36.34237313080051))",0.788,0.838,0.889,1391245,747484,207453,2719379,13555
915,"POLYGON ((-73.46516214265485 -15.88626236166589, -73.46516214265485 -21.77355606643973, -67.38013505195958 -21.03751102542181, -67.38013505195958 -15.32501998539171, -73.46516214265485 -15.88626236166589))",0.734,0.779,0.835,3653468,2522450,992370,5274357,14011
145,"POLYGON ((28.67314648943499 25.63226655107013, 34.5085229876684 24.25860976441469, 34.5085229876684 29.53280370582265, 28.67314648943499 31.09807140426155, 28.67314648943499 25.63226655107013))",0.927,0.943,0.956,125335,39511,11753,13308406,38369
325,"POLYGON ((118.673146489435 4.442038523400337, 124.5085229876684 4.173022773894666, 124.5085229876684 8.783194988097531, 118.673146489435 9.341889685888818, 118.673146489435 4.442038523400337))",0.696,0.750,0.818,2377964,1682659,766759,2864942,4551
93d,"POLYGON ((-67.38013505195958 -9.8193006387579, -67.38013505195958 -15.32501998539171, -61.326853510565 -14.59941342503042, -61.326853510565 -9.341889685888818, -67.38013505195958 -9.8193006387579))",0.665,0.724,0.776,1365053,1140007,904547,1422177,1870
93f,"POLYGON ((-67.38013505195958 -15.32501998539171, -67.38013505195958 -21.03751102542181, -61.326853510565 -20.08096213071963, -61.326853510565 -14.59941342503042, -67.38013505195958 -15.32501998539171))",0.726,0.785,0.840,3906500,2711580,1334260,5106005,17481
815,"POLYGON ((-118.673146489435 25.63226655107013, -118.673146489435 20.08096213071963, -112.6198649480404 21.03751102542181, -112.6198649480404 26.7849955075022, -118.673146489435 25.63226655107013))",0.815,0.815,0.815,101,101,101,447,2
911,"POLYGON ((-79.38034472384487 -10.44179817172576, -79.38034472384487 -16.26672649011948, -73.46516214265485 -15.88626236166589, -73.46516214265485 -10.18989264617986, -79.38034472384487 -10.44179817172576))",0.781,0.815,0.868,3315400,2102176,599534,7219950,16794
231,"POLYGON ((55.4914770123316 -8.783194988097531, 61.326853510565 -9.341889685888818, 61.326853510565 -4.442038523400337, 55.4914770123316 -4.173022773894666, 55.4914770123316 -8.783194988097531))",0.650,0.689,0.746,21147,19027,15500,21157,784
92f,"POLYGON ((-55.4914770123316 -4.173022773894666, -55.4914770123316 -8.783194988097531, -50.01876534108111 -8.175896074358709, -50.01876534108111 -3.881312186924027, -55.4914770123316 -4.173022773894666))",0.688,0.777,0.820,285273,195345,136768,321596,287
8e9,"POLYGON ((-73.46516214265485 15.88626236166589, -73.46516214265485 10.18989264617986, -67.38013505195958 9.8193006387579, -67.38013505195958 15.32501998539171, -73.46516214265485 15.88626236166589))",0.780,0.856,0.929,3209939,1106209,46552,6132325,13514
3bb,"POLYGON ((73.46516214265485 10.18989264617986, 79.38034472384487 10.44179817172576, 79.38034472384487 16.26672649011948, 73.46516214265485 15.88626236166589, 73.46516214265485 10.18989264617986))",0.762,0.803,0.828,28810379,18984052,13015996,50198969,4941
943,"POLYGON ((-67.38013505195958 -26.7849955075022, -67.38013505195958 -32.39984017391932, -61.326853510565 -31.09807140426155, -61.32685351056502 -25.63226655107013, -67.38013505195958 -26.7849955075022))",0.800,0.827,0.861,2005603,1338099,615239,4936318,13911
895,"POLYGON ((-73.46516214265485 27.66622518241585, -73.46516214265485 21.77355606643973, -67.38013505195958 21.03751102542181, -67.38013505195958 26.7849955075022, -73.46516214265485 27.66622518241585))",0.676,0.676,0.676,20865,20865,20865,22944,6
373,"POLYGON ((95.05986884626412 22.54054940194471, 100.6196552761551 22.27057548800819, 100.6196552761551 28.25839533868567, 95.05986884626412 28.57906855098932, 95.05986884626412 22.54054940194471))",0.725,0.801,0.810,2702117,1363159,1208237,3917374,3753
103,"POLYGON ((0 5.059868846264117, 5.059868846264116 5.040252729758283, 5.059868846264117 10.57920733737058, 0 10.61965527615513, 0 5.059868846264117))",0.651,0.697,0.749,20469368,17874905,14632720,20549836,66376
17b,"POLYGON ((34.5085229876684 4.173022773894666, 39.98123465891889 3.881312186924027, 39.98123465891889 8.175896074358709, 34.5085229876684 8.783194988097531, 34.5085229876684 4.173022773894666))",0.650,0.673,0.748,12086368,11440021,8873425,12090466,13463
315,"POLYGON ((106.5348378573452 15.88626236166589, 112.6198649480404 15.32501998539171, 112.6198649480404 21.03751102542181, 106.5348378573452 21.77355606643973, 106.5348378573452 15.88626236166589))",0.807,0.838,0.876,1946431,1066733,334774,6222368,8592
147,"POLYGON ((22.61986494804042 26.7849955075022, 28.67314648943499 25.63226655107013, 28.67314648943499 31.09807140426155, 22.61986494804043 32.39984017391932, 22.61986494804042 26.7849955075022))",0.765,0.803,0.869,255521,196943,84903,416058,4411
191,"POLYGON ((28.67314648943499 -14.59941342503042, 34.5085229876684 -13.74670252512002, 34.5085229876684 -8.783194988097531, 28.67314648943499 -9.341889685888818, 28.67314648943499 -14.59941342503042))",0.650,0.650,0.703,7047846,7047846,5820908,7048956,14410
93b,"POLYGON ((-61.326853510565 -9.341889685888818, -61.326853510565 -14.59941342503042, -55.4914770123316 -13.74670252512002, -55.4914770123316 -8.783194988097531, -61.326853510565 -9.341889685888818))",0.759,0.793,0.836,794105,648167,430680,1177718,1352
30d,"POLYGON ((95.05986884626412 16.47390220016713, 100.6196552761551 16.26672649011948, 100.6196552761551 22.27057548800819, 95.05986884626412 22.54054940194471, 95.05986884626412 16.47390220016713))",0.738,0.786,0.845,6366871,4884434,2647770,8538264,27721
219,"POLYGON ((50.01876534108111 -22.73590953009369, 55.4914770123316 -24.25860976441469, 55.49147701233161 -18.9499500044539, 50.01876534108111 -17.70687285471333, 50.01876534108111 -22.73590953009369))",0.766,0.809,0.861,232347,168876,86528,389150,6661
2d7,"POLYGON ((124.5085229876684 -4.173022773894666, 129.9812346589189 -3.881312186924027, 129.9812346589189 0, 124.5085229876684 0, 124.5085229876684 -4.173022773894666))",0.674,0.717,0.760,604504,523170,427419,647221,167
131,"POLYGON ((10.61965527615513 34.04786296943432, 16.53483785734516 33.38766721236327, 16.53483785734516 38.79459515585769, 10.61965527615513 39.49464011274421, 10.61965527615513 34.04786296943432))",0.837,0.922,0.960,418249,27205,441,1388990,15445
371,"POLYGON ((95.05986884626412 28.57906855098932, 100.6196552761551 28.25839533868567, 100.6196552761551 34.04786296943432, 95.05986884626412 34.40415724063815, 95.05986884626412 28.57906855098932))",0.749,0.749,0.749,25518,25518,25518,40283,1
07d,"POLYGON ((-39.98123465891889 -3.881312186924027, -34.5085229876684 -4.173022773894666, -34.5085229876684 0, -39.98123465891889 0, -39.98123465891889 -3.881312186924027))",0.761,0.814,0.850,1095608,776654,486703,1516702,1206
217,"POLYGON ((55.4914770123316 -24.25860976441469, 61.32685351056502 -25.63226655107013, 61.326853510565 -20.08096213071963, 55.49147701233161 -18.9499500044539, 55.4914770123316 -24.25860976441469))",0.768,0.814,0.867,549814,351499,145656,992365,22772
221,"POLYGON ((45 -16.41644037358546, 50.01876534108111 -17.70687285471333, 50.01876534108111 -12.81566331979315, 45 -11.85551661629703, 45 -16.41644037358546))",0.650,0.650,0.705,2412136,2412136,1909095,2412522,3893
935,"POLYGON ((-50.01876534108111 -12.81566331979315, -50.01876534108111 -17.70687285471333, -45 -16.41644037358546, -45 -11.85551661629703, -50.01876534108111 -12.81566331979315))",0.780,0.810,0.857,3973912,3175691,1641127,6298433,7010
8e3,"POLYGON ((-79.38034472384487 4.973642825000524, -79.38034472384487 0, -73.46516214265485 0, -73.46516214265485 4.851647556935838, -79.38034472384487 4.973642825000524))",0.835,0.898,0.965,1501717,240129,981,6821072,19108
167,"POLYGON ((34.5085229876684 13.74670252512002, 39.98123465891889 12.81566331979315, 39.98123465891889 17.70687285471333, 34.5085229876684 18.9499500044539, 34.5085229876684 13.74670252512002))",0.740,0.782,0.819,3772077,2605714,1503908,5870027,27483
947,"POLYGON ((-61.326853510565 -20.08096213071963, -61.32685351056502 -25.63226655107013, -55.4914770123316 -24.25860976441469, -55.49147701233161 -18.9499500044539, -61.326853510565 -20.08096213071963))",0.691,0.753,0.799,934122,702161,504897,1086049,1704
223,"POLYGON ((50.01876534108111 -17.70687285471333, 55.49147701233161 -18.9499500044539, 55.4914770123316 -13.74670252512002, 50.01876534108111 -12.81566331979315, 50.01876534108111 -17.70687285471333))",0.726,0.739,0.779,176414,155194,94930,281361,365
129,"POLYGON ((0 34.5085229876684, 5.059868846264117 34.40415724063815, 5.059868846264117 39.87112800298822, 0 39.98123465891889, 0 34.5085229876684))",0.764,0.849,0.963,4576470,1983218,1441,7108578,22214
18f,"POLYGON ((34.5085229876684 -13.74670252512002, 39.98123465891889 -12.81566331979315, 39.98123465891889 -8.175896074358709, 34.5085229876684 -8.783194988097531, 34.5085229876684 -13.74670252512002))",0.651,0.651,0.706,2995016,2995016,2502010,3001335,7229
949,"POLYGON ((-55.49147701233161 -18.9499500044539, -55.4914770123316 -24.25860976441469, -50.01876534108111 -22.73590953009369, -50.01876534108111 -17.70687285471333, -55.49147701233161 -18.9499500044539))",0.742,0.786,0.827,4066895,3231073,2226021,5451627,3840
227,"POLYGON ((45 -11.85551661629703, 50.01876534108111 -12.81566331979315, 50.01876534108111 -8.175896074358709, 45 -7.552372279897661, 45 -11.85551661629703))",0.912,0.920,0.923,2325,1408,1099,105041,412
96b,"POLYGON ((-73.46516214265485 -21.77355606643973, -73.46516214265485 -27.66622518241585, -67.38013505195958 -26.7849955075022, -67.38013505195958 -21.03751102542181, -73.46516214265485 -21.77355606643973))",0.805,0.835,0.864,154841,94274,49678,493036,2804
07b,"POLYGON ((-39.98123465891889 -8.175896074358709, -34.5085229876684 -8.783194988097531, -34.5085229876684 -4.173022773894666, -39.98123465891889 -3.881312186924027, -39.98123465891889 -8.175896074358709))",0.725,0.776,0.828,7855115,6207889,3858816,9800923,6757
1c5,"POLYGON ((10.61965527615513 -34.04786296943432, 16.53483785734516 -33.38766721236327, 16.53483785734515 -27.66622518241585, 10.61965527615513 -28.25839533868567, 10.61965527615513 -34.04786296943432))",0.707,0.707,0.753,5881,5881,4947,6952,69
109,"POLYGON ((10.61965527615513 0, 16.53483785734516 0, 16.53483785734516 4.851647556935838, 10.61965527615514 4.973642825000524, 10.61965527615513 0))",0.650,0.659,0.719,2140059,2097377,1804387,2140277,14617
2dd,"POLYGON ((112.6198649480404 -9.8193006387579, 118.673146489435 -9.341889685888818, 118.673146489435 -4.442038523400337, 112.6198649480404 -4.67244275538945, 112.6198649480404 -9.8193006387579))",0.753,0.796,0.845,12634408,8710032,3846742,19290598,17260
8f5,"POLYGON ((-90 22.61986494804042, -90 16.53483785734516, -84.94013115373588 16.47390220016713, -84.94013115373588 22.54054940194471, -90 22.61986494804042))",0.810,0.880,0.897,933262,169248,89750,3244124,1624
3d7,"POLYGON ((45 3.582521766172679, 50.01876534108111 3.881312186924027, 50.01876534108111 8.175896074358709, 45 7.552372279897661, 45 3.582521766172679))",0.688,0.737,0.776,419997,320801,233899,488039,3552
161,"POLYGON ((39.98123465891889 12.81566331979315, 45 11.85551661629703, 45 16.41644037358546, 39.98123465891889 17.70687285471333, 39.98123465891889 12.81566331979315))",0.753,0.775,0.801,29773,23702,16806,62003,10971
13d,"POLYGON ((10.61965527615513 22.27057548800819, 16.53483785734516 21.77355606643973, 16.53483785734515 27.66622518241585, 10.61965527615513 28.25839533868567, 10.61965527615513 22.27057548800819))",0.792,0.792,0.792,792,792,792,3356,2282
16d,"POLYGON ((22.61986494804043 9.8193006387579, 28.67314648943499 9.341889685888818, 28.67314648943499 14.59941342503042, 22.61986494804043 15.32501998539171, 22.61986494804043 9.8193006387579))",0.775,0.796,0.844,1964066,1207912,210612,5948569,8602
bc3,"POLYGON ((-66.64443514071399 -53.17193519487547, -61.50436138175503 -58.10766364662543, -52.69605172201657 -55.49070946377213, -58.78159723565363 -51.20393553160921, -66.64443514071399 -53.17193519487547))",0.817,0.817,0.817,1375,1375,1375,7454,2
04f,"POLYGON ((-10.61965527615513 -16.26672649011948, -5.059868846264116 -16.47390220016713, -5.059868846264117 -10.57920733737058, -10.61965527615513 -10.44179817172576, -10.61965527615513 -16.26672649011948))",0.763,0.763,0.763,4933,4933,4933,7409,5
91b,"POLYGON ((-79.38034472384487 -4.973642825000524, -79.38034472384487 -10.44179817172576, -73.46516214265485 -10.18989264617986, -73.46516214265485 -4.851647556935838, -79.38034472384487 -4.973642825000524))",0.722,0.778,0.825,3868183,2721206,1619075,4998969,7564
38f,"POLYGON ((73.46516214265485 33.38766721236327, 79.38034472384487 34.04786296943432, 79.38034472384487 39.49464011274421, 73.46516214265485 38.79459515585769, 73.46516214265485 33.38766721236327))",0.677,0.715,0.752,4306984,3669659,2979635,4737558,1067
963,"POLYGON ((-79.38034472384487 -39.49464011274421, -79.38034472384487 -44.50509820989622, -73.46516214265485 -43.79048739785681, -73.46516214265485 -38.79459515585769, -79.38034472384487 -39.49464011274421))",0.688,0.714,0.779,264523,240174,164637,296669,1016
11d,"POLYGON ((0 10.61965527615513, 5.059868846264117 10.57920733737058, 5.059868846264116 16.47390220016713, 0 16.53483785734516, 0 10.61965527615513))",0.670,0.721,0.769,6858700,5179699,3530069,7453483,27461
94b,"POLYGON ((-50.01876534108111 -17.70687285471333, -50.01876534108111 -22.73590953009369, -45 -21.14143744584222, -45 -16.41644037358546, -50.01876534108111 -17.70687285471333))",0.746,0.790,0.832,7472215,5844678,3820363,10101837,5978
305,"POLYGON ((95.05986884626412 5.040252729758283, 100.6196552761551 4.973642825000524, 100.6196552761551 10.44179817172576, 95.05986884626412 10.57920733737058, 95.05986884626412 5.040252729758283))",0.796,0.839,0.925,3276291,2052585,111416,6135018,11792
195,"POLYGON ((22.61986494804042 -21.03751102542181, 28.67314648943499 -20.08096213071963, 28.67314648943499 -14.59941342503042, 22.61986494804043 -15.32501998539171, 22.61986494804042 -21.03751102542181))",0.668,0.711,0.772,3697339,3100975,2102188,3919244,16247
1a9,"POLYGON ((5.059868846264116 -5.040252729758283, 10.61965527615514 -4.973642825000524, 10.61965527615513 0, 5.059868846264117 0, 5.059868846264116 -5.040252729758283))",0.730,0.756,0.796,89981,78500,60945,122646,5283
bdf,"POLYGON ((-73.46516214265485 -43.79048739785681, -70.50413948681376 -48.3455290041172, -63.57747534364858 -46.88250450215281, -67.38013505195957 -42.70938995736147, -73.46516214265485 -43.79048739785681))",0.775,0.811,0.839,198188,127019,77016,401705,5178
925,"POLYGON ((-61.326853510565 -4.442038523400337, -61.326853510565 -9.341889685888818, -55.4914770123316 -8.783194988097531, -55.4914770123316 -4.173022773894666, -61.326853510565 -4.442038523400337))",0.657,0.659,0.740,191204,189550,145163,195082,90
8c3,"POLYGON ((-67.38013505195958 15.32501998539171, -67.38013505195958 9.8193006387579, -61.326853510565 9.341889685888818, -61.326853510565 14.59941342503042, -67.38013505195958 15.32501998539171))",0.781,0.830,0.876,2251561,1372453,601224,4202914,11490
377,"POLYGON ((90 28.67314648943499, 95.05986884626412 28.57906855098932, 95.05986884626412 34.40415724063815, 90 34.5085229876684, 90 28.67314648943499))",0.849,0.849,0.849,49449,49449,49449,174511,2
8f7,"POLYGON ((-90 16.53483785734516, -90 10.61965527615513, -84.94013115373588 10.57920733737058, -84.94013115373588 16.47390220016713, -90 16.53483785734516))",0.732,0.790,0.831,8771954,5904312,3647174,11959785,27345
127,"POLYGON ((0 28.67314648943499, 5.059868846264117 28.57906855098932, 5.059868846264117 34.40415724063815, 0 34.5085229876684, 0 28.67314648943499))",0.832,0.935,0.941,239649,4860,2893,837371,7171
8dd,"POLYGON ((-67.38013505195958 9.8193006387579, -67.38013505195957 4.67244275538945, -61.326853510565 4.442038523400337, -61.326853510565 9.341889685888818, -67.38013505195958 9.8193006387579))",0.784,0.816,0.876,874705,635552,203046,1594628,1877
3db,"POLYGON ((50.01876534108111 8.175896074358709, 55.4914770123316 8.783194988097531, 55.4914770123316 13.74670252512002, 50.01876534108111 12.81566331979315, 50.01876534108111 8.175896074358709))",0.728,0.728,0.728,17640,17640,17640,26488,132
3bd,"POLYGON ((73.46516214265485 15.88626236166589, 79.38034472384487 16.26672649011948, 79.38034472384487 22.27057548800819, 73.46516214265485 21.77355606643973, 73.46516214265485 15.88626236166589))",0.712,0.753,0.810,39490509,30995485,17290890,50058274,4688
961,"POLYGON ((-73.46516214265485 -38.79459515585769, -73.46516214265485 -43.79048739785681, -67.38013505195957 -42.70938995736147, -67.38013505195957 -37.74124916352239, -73.46516214265485 -38.79459515585769))",0.746,0.781,0.814,1903085,1440508,967237,2866696,6231
1c7,"POLYGON ((10.61965527615513 -28.25839533868567, 16.53483785734515 -27.66622518241585, 16.53483785734516 -21.77355606643973, 10.61965527615513 -22.27057548800819, 10.61965527615513 -28.25839533868567))",0.793,0.838,0.868,77835,48618,27813,150281,2442
941,"POLYGON ((-67.38013505195958 -21.03751102542181, -67.38013505195958 -26.7849955075022, -61.32685351056502 -25.63226655107013, -61.326853510565 -20.08096213071963, -67.38013505195958 -21.03751102542181))",0.776,0.808,0.840,1220922,856339,497365,2272384,4555
3b3,"POLYGON ((73.46516214265485 0, 79.38034472384487 0, 79.38034472384487 4.973642825000524, 73.46516214265485 4.851647556935838, 73.46516214265485 0))",0.684,0.752,0.821,35798,25793,13937,40789,85
86f,"POLYGON ((-106.5348378573452 33.38766721236327, -106.5348378573452 27.66622518241585, -100.6196552761551 28.25839533868567, -100.6196552761551 34.04786296943432, -106.5348378573452 33.38766721236327))",0.790,0.822,0.868,1199878,812699,307863,2450926,7218
